clade_group,family,species,common_name,notes,gbif_usage_key,gbif_matched_name,gbif_match_type,gbif_confidence,gbif_status,col_taxon_id,col_matched_name,col_match,iucn_status,iucn_error,ott_id,ott_matched_name,ott_score,review_flag
Amphisbaenia,Amphisbaenidae,Amphisbaena alba,White worm lizard,,2472999,"Amphisbaena alba Linnaeus, 1758",EXACT,99,ACCEPTED,D5FY,Amphisbaena alba,OK,,no token provided,1098643,Amphisbaena alba,1.0,iucn_no_status
Amphisbaenia,Bipedidae,Bipes biporus,Mexican mole lizard,,5222409,"Bipes biporus (Cope, 1894)",EXACT,99,ACCEPTED,LVMZ,Bipes biporus,OK,,no token provided,109090,Bipes biporus,1.0,iucn_no_status
Amphisbaenia,Blanidae,Blanus cinereus,Iberian worm lizard,,2473222,"Blanus cinereus Vandelli, 1797",EXACT,97,ACCEPTED,LZZB,Blanus cinereus,OK,,no token provided,236037,Blanus cinereus,1.0,iucn_no_status
Amphisbaenia,Cadeidae,Cadea blanoides,Spotted amphisbaena,Endemic to Cuba; verify current family validity (recent nomenclature dispute),2472986,"Cadea blanoides (Stejneger, 1916)",EXACT,99,ACCEPTED,P797,Cadea blanoides,OK,,no token provided,313698,Cadea blanoides,1.0,iucn_no_status
Amphisbaenia,Rhineuridae,Rhineura floridana,Florida worm lizard,Monotypic family,2450968,"Rhineura floridana (Baird, 1858)",EXACT,99,ACCEPTED,4S7RN,Rhineura floridana,OK,,no token provided,707061,Rhineura floridana,1.0,iucn_no_status
Amphisbaenia,Trogonophidae,Trogonophis wiegmanni,Checkerboard worm lizard,,2451019,"Trogonophis wiegmanni Kaup, 1830",EXACT,99,ACCEPTED,7CW3X,Trogonophis wiegmanni,OK,,no token provided,938995,Trogonophis wiegmanni,1.0,iucn_no_status
Gekkota,Carphodactylidae,Carphodactylus laevis,Chameleon gecko,,2445909,"Carphodactylus laevis Günther, 1897",EXACT,99,ACCEPTED,RFWS,Carphodactylus laevis,OK,,no token provided,440291,Carphodactylus laevis,1.0,iucn_no_status
Gekkota,Dibamidae,Dibamus novaeguineae,New Guinea blind skink,,2451691,"Dibamus novaeguineae Duméril & Bibron, 1839",EXACT,99,ACCEPTED,35GNR,Dibamus novaeguineae,OK,,no token provided,130803,Dibamus novaeguineae,1.0,iucn_no_status
Gekkota,Diplodactylidae,Diplodactylus vittatus,Wood gecko,,5959760,"Diplodactylus vittatus Gray, 1832",EXACT,99,ACCEPTED,6D9MT,Diplodactylus vittatus,OK,,no token provided,24144,Diplodactylus vittatus,1.0,iucn_no_status
Gekkota,Eublepharidae,Eublepharis macularius,Leopard gecko,,5221283,"Eublepharis macularius (Blyth, 1854)",EXACT,99,ACCEPTED,3BNV5,Eublepharis macularius,OK,,no token provided,662992,Eublepharis macularius,1.0,iucn_no_status
Gekkota,Gekkonidae,Gekko gecko,Tokay gecko,,2447367,"Gekko gecko (Linnaeus, 1758)",EXACT,99,ACCEPTED,3FH5H,Gekko gecko,OK,,no token provided,953907,Gekko gecko,1.0,iucn_no_status
Gekkota,Phyllodactylidae,Tarentola mauritanica,Moorish gecko,"Replaces Euleptes europaea, which The Reptile Database places in Sphaerodactylidae",2445034,"Tarentola mauritanica (Linnaeus, 1758)",EXACT,99,ACCEPTED,54XLG,Tarentola mauritanica,OK,,no token provided,190161,Tarentola mauritanica,1.0,iucn_no_status
Gekkota,Pygopodidae,Lialis burtonis,Burton's legless lizard,,2472838,"Lialis burtonis Gray, 1835",EXACT,99,ACCEPTED,6Q6WX,Lialis burtonis,OK,,no token provided,24142,Lialis burtonis,1.0,iucn_no_status
Gekkota,Sphaerodactylidae,Sphaerodactylus notatus,Reef gecko,,2445379,"Sphaerodactylus notatus (Baird, 1859)",EXACT,99,ACCEPTED,4YQ8Z,Sphaerodactylus notatus,OK,,no token provided,696628,Sphaerodactylus notatus,1.0,iucn_no_status
Iguania,Agamidae,Pogona vitticeps,Central bearded dragon,,2465641,"Pogona vitticeps (Ahl, 1926)",EXACT,99,ACCEPTED,4KV6Z,Pogona vitticeps,OK,,no token provided,913382,Pogona vitticeps,1.0,iucn_no_status
Iguania,Chamaeleonidae,Chamaeleo calyptratus,Veiled chameleon,,2449133,"Chamaeleo calyptratus Duméril & Duméril, 1851",EXACT,99,ACCEPTED,TK53,Chamaeleo calyptratus,OK,,no token provided,284814,Chamaeleo calyptratus,1.0,iucn_no_status
Iguania,Corytophanidae,Basiliscus basiliscus,Common basilisk,,5221813,"Basiliscus basiliscus (Linnaeus, 1758)",EXACT,99,ACCEPTED,68CY9,Basiliscus basiliscus,OK,,no token provided,1009501,Basiliscus basiliscus,1.0,iucn_no_status
Iguania,Crotaphytidae,Crotaphytus collaris,Eastern collared lizard,,2470616,"Crotaphytus collaris (Say, 1822)",EXACT,99,ACCEPTED,6BJ77,Crotaphytus collaris,OK,,no token provided,244476,Crotaphytus collaris,1.0,iucn_no_status
Iguania,Anolidae,Anolis carolinensis,Green anole,,2466939,"Anolis carolinensis Voigt, 1832",EXACT,99,ACCEPTED,675MJ,Anolis carolinensis,OK,,no token provided,705356,Anolis carolinensis,1.0,iucn_no_status
Iguania,Hoplocercidae,Hoplocercus spinosus,Amazon spinytail lizard,,2471891,"Hoplocercus spinosus Fitzinger, 1843",EXACT,99,ACCEPTED,3MLCT,Hoplocercus spinosus,OK,,no token provided,116302,Hoplocercus spinosus,1.0,iucn_no_status
Iguania,Iguanidae,Iguana iguana,Green iguana,,2459658,"Iguana iguana (Linnaeus, 1758)",EXACT,99,ACCEPTED,6MV3G,Iguana iguana,OK,,no token provided,608972,Iguana iguana,1.0,iucn_no_status
Iguania,Leiocephalidae,Leiocephalus carinatus,Northern curly-tailed lizard,,5224691,"Leiocephalus carinatus Gray, 1827",EXACT,99,ACCEPTED,3SY37,Leiocephalus carinatus,OK,,no token provided,696197,Leiocephalus carinatus,1.0,iucn_no_status
Iguania,Leiosauridae,Leiosaurus catamarcensis,,,2468009,"Leiosaurus catamarcensis Koslowsky, 1898",EXACT,99,ACCEPTED,3T2D8,Leiosaurus catamarcensis,OK,,no token provided,382357,Leiosaurus catamarcensis,1.0,iucn_no_status
Iguania,Liolaemidae,Liolaemus tenuis,,,2460411,"Liolaemus tenuis (Duméril & Bibron, 1837)",EXACT,99,ACCEPTED,3V6N6,Liolaemus tenuis,OK,,no token provided,116295,Liolaemus tenuis,1.0,iucn_no_status
Iguania,Opluridae,Oplurus cuvieri,Madagascar collared iguana,,5843908,"Oplurus cuvieri (Gray, 1831)",EXACT,99,ACCEPTED,6T44X,Oplurus cuvieri,OK,,no token provided,606176,Oplurus cuvieri,1.0,iucn_no_status
Iguania,Phrynosomatidae,Phrynosoma cornutum,Texas horned lizard,,5222413,"Phrynosoma cornutum (Harlan, 1825)",EXACT,99,ACCEPTED,4GWSM,Phrynosoma cornutum,OK,,no token provided,968168,Phrynosoma cornutum,1.0,iucn_no_status
Iguania,Polychrotidae,Polychrus marmoratus,Common polychrus,Family placement contested; often merged into Anolidae (Dactyloidae) in some taxonomies,2468050,"Polychrus marmoratus (Linnaeus, 1758)",EXACT,99,ACCEPTED,4L47S,Polychrus marmoratus,OK,,no token provided,970155,Polychrus marmoratus,1.0,iucn_no_status
Iguania,Tropiduridae,Tropidurus torquatus,,,5224858,"Tropidurus torquatus (Wied-Neuwied, 1820)",EXACT,99,ACCEPTED,59CPD,Tropidurus torquatus,OK,,no token provided,187681,Tropidurus torquatus,1.0,iucn_no_status
Lacertoidea,Alopoglossidae,Alopoglossus angulatus,,,2450826,"Alopoglossus angulatus (Linnaeus, 1758)",EXACT,99,ACCEPTED,C5KQ,Alopoglossus angulatus,OK,,no token provided,545549,Alopoglossus angulatus,1.0,iucn_no_status
Lacertoidea,Gymnophthalmidae,Gymnophthalmus speciosus,Golden spectacled tegu,,2450891,"Gymnophthalmus speciosus (Hallowell, 1861)",EXACT,99,ACCEPTED,3HT9L,Gymnophthalmus speciosus,OK,,no token provided,58578,Gymnophthalmus speciosus,1.0,iucn_no_status
Lacertoidea,Lacertidae,Lacerta agilis,Sand lizard,,6159223,"Lacerta agilis Linnaeus, 1758",EXACT,99,ACCEPTED,6NRCH,Lacerta agilis,OK,,no token provided,862848,Lacerta agilis,1.0,iucn_no_status
Lacertoidea,Teiidae,Ameiva ameiva,Giant ameiva,,2472164,"Ameiva ameiva (Linnaeus, 1758)",EXACT,99,ACCEPTED,CQKP,Ameiva ameiva,OK,,no token provided,661799,Ameiva ameiva,1.0,iucn_no_status
Anguimorpha,Anguidae,Anguis fragilis,Slow worm,,2468095,"Anguis fragilis Linnaeus, 1758",EXACT,99,ACCEPTED,672H4,Anguis fragilis,OK,,no token provided,449663,Anguis fragilis,1.0,iucn_no_status
Anguimorpha,Diploglossidae,Diploglossus pleii,Puerto Rican galliwasp,"Replaces Diploglossus monotropis, which Open Tree places by taxonomy only; D. pleii is in 3 published trees",2468226,"Diploglossus pleii Duméril & Bibron, 1839",EXACT,99,ACCEPTED,6CY4F,Diploglossus pleii,OK,,no token provided,975907,Diploglossus pleii,1.0,iucn_no_status
Anguimorpha,Helodermatidae,Heloderma suspectum,Gila monster,,2460817,"Heloderma suspectum Cope, 1869",EXACT,99,ACCEPTED,3KGXZ,Heloderma suspectum,OK,,no token provided,713774,Heloderma suspectum,1.0,iucn_no_status
Anguimorpha,Lanthanotidae,Lanthanotus borneensis,Earless monitor lizard,Monotypic family,4287471,"Lanthanotus borneensis Steindachner, 1878",EXACT,99,ACCEPTED,3S7W2,Lanthanotus borneensis,OK,,no token provided,872936,Lanthanotus borneensis,1.0,iucn_no_status
Anguimorpha,Shinisauridae,Shinisaurus crocodilurus,Chinese crocodile lizard,Monotypic family,2448242,"Shinisaurus crocodilurus Ahl, 1930",EXACT,99,ACCEPTED,4X4PH,Shinisaurus crocodilurus,OK,,no token provided,651194,Shinisaurus crocodilurus,1.0,iucn_no_status
Anguimorpha,Varanidae,Varanus komodoensis,Komodo dragon,,2470854,"Varanus komodoensis Ouwens, 1912",EXACT,99,ACCEPTED,7FFW5,Varanus komodoensis,OK,,no token provided,1091028,Varanus komodoensis,1.0,iucn_no_status
Anguimorpha,Xenosauridae,Xenosaurus grandis,,,2448231,"Xenosaurus grandis (Gray, 1856)",EXACT,99,ACCEPTED,5CBJS,Xenosaurus grandis,OK,,no token provided,690592,Xenosaurus grandis,1.0,iucn_no_status
Scincomorpha,Cordylidae,Ouroborus cataphractus,Armadillo girdled lizard,,7536957,"Ouroborus cataphractus (Boie, 1828)",EXACT,99,ACCEPTED,4B9F9,Ouroborus cataphractus,OK,,no token provided,117823,Ouroborus cataphractus,1.0,iucn_no_status
Scincomorpha,Gerrhosauridae,Broadleysaurus major,Great plated lizard,,9299909,"Broadleysaurus major (Duméril, 1851)",EXACT,99,ACCEPTED,NC4T,Broadleysaurus major,OK,,no token provided,1024073,Broadleysaurus major,1.0,iucn_no_status
Scincomorpha,Scincidae,Tiliqua scincoides,Blue-tongued skink,,2462503,"Tiliqua scincoides (White, 1790)",EXACT,99,ACCEPTED,56X27,Tiliqua scincoides,OK,,no token provided,1016681,Tiliqua scincoides,1.0,iucn_no_status
Scincomorpha,Xantusiidae,Xantusia vigilis,Desert night lizard,,2451726,"Xantusia vigilis Baird, 1859",EXACT,99,ACCEPTED,5C8PB,Xantusia vigilis,OK,,no token provided,139521,Xantusia vigilis,1.0,iucn_no_status
Alethinophidia (snakes),Acrochordidae,Acrochordus javanicus,Javan file snake,,2472764,"Acrochordus javanicus Hornstedt, 1787",EXACT,99,ACCEPTED,9LSZ,Acrochordus javanicus,OK,,no token provided,1061998,Acrochordus javanicus,1.0,iucn_no_status
Alethinophidia (snakes),Aniliidae,Anilius scytale,South American pipe snake,Monotypic family,2451673,"Anilius scytale (Linnaeus, 1758)",EXACT,99,ACCEPTED,66Q73,Anilius scytale,OK,,no token provided,496074,Anilius scytale,1.0,iucn_no_status
Alethinophidia (snakes),Anomochilidae,Anomochilus leonardi,Leonard's pipe snake,Very small family (3 species total),2450383,"Anomochilus leonardi Smith, 1940",EXACT,99,ACCEPTED,677Y8,Anomochilus leonardi,OK,,no token provided,431364,Anomochilus leonardi,1.0,iucn_no_status
Alethinophidia (snakes),Atractaspididae,Atractaspis bibronii,Bibron's stiletto snake,,2472573,"Atractaspis bibronii Smith, 1849",EXACT,99,ACCEPTED,JJ3K,Atractaspis bibronii,OK,,no token provided,203291,Atractaspis bibronii,1.0,iucn_no_status
Alethinophidia (snakes),Boidae,Boa constrictor,Boa constrictor,,2464899,"Boa constrictor Linnaeus, 1758",EXACT,99,ACCEPTED,M7TX,Boa constrictor,OK,,no token provided,764377,Boa constrictor,1.0,iucn_no_status
Alethinophidia (snakes),Colubridae,Pantherophis guttatus,Corn snake,,2455615,"Pantherophis guttatus (Linnaeus, 1766)",EXACT,99,ACCEPTED,75LTS,Pantherophis guttatus,OK,,no token provided,456236,Pantherophis guttatus,1.0,iucn_no_status
Alethinophidia (snakes),Cylindrophiidae,Cylindrophis ruffus,Red-tailed pipe snake,,9331807,"Cylindrophis ruffus (Laurenti, 1768)",EXACT,99,ACCEPTED,333RL,Cylindrophis ruffus,OK,,no token provided,642569,Cylindrophis ruffus,1.0,iucn_no_status
Alethinophidia (snakes),Elapidae,Naja naja,Indian cobra,,2470351,"Naja naja (Linnaeus, 1758)",EXACT,99,ACCEPTED,45KXG,Naja naja,OK,,no token provided,217478,Naja naja,1.0,iucn_no_status
Alethinophidia (snakes),Homalopsidae,Homalopsis buccata,Puff-faced water snake,,8885291,"Homalopsis buccata (Linnaeus, 1758)",EXACT,99,ACCEPTED,3MDTY,Homalopsis buccata,OK,,no token provided,49551,Homalopsis buccata,1.0,iucn_no_status
Alethinophidia (snakes),Lamprophiidae,Boaedon fuliginosus,Brown house snake,,2455885,"Boaedon fuliginosus (Boie, 1827)",EXACT,99,ACCEPTED,M7VV,Boaedon fuliginosus,OK,,no token provided,880707,Boaedon fuliginosus,1.0,iucn_no_status
Alethinophidia (snakes),Loxocemidae,Loxocemus bicolor,Mexican burrowing python,Monotypic family,2448616,"Loxocemus bicolor Cope, 1861",EXACT,99,ACCEPTED,3W956,Loxocemus bicolor,OK,,no token provided,840470,Loxocemus bicolor,1.0,iucn_no_status
Alethinophidia (snakes),Micrelapidae,Micrelaps bicoloratus,Kenya Two-headed Snake,"Replaces Micrelaps muelleri, which Open Tree places by taxonomy only; M. bicoloratus is in 3 published trees. Very recently split family (2023)",2472635,"Micrelaps bicoloratus Sternfeld, 1908",EXACT,99,ACCEPTED,42R84,Micrelaps bicoloratus,OK,,no token provided,187476,Micrelaps bicoloratus,1.0,iucn_no_status
Alethinophidia (snakes),Pareidae,Pareas carinatus,Keeled slug snake,,9038344,"Pareas carinatus (Wagler, 1830)",EXACT,97,ACCEPTED,88WGH,Pareas carinatus,OK,,no token provided,680926,Pareas carinatus,1.0,iucn_no_status
Alethinophidia (snakes),Pythonidae,Python bivittatus,Burmese python,,4820533,"Python bivittatus Kuhl, 1820",EXACT,99,ACCEPTED,4QY48,Python bivittatus,OK,,no token provided,88370,Python bivittatus,1.0,iucn_no_status
Alethinophidia (snakes),Tropidophiidae,Tropidophis melanurus,Cuban wood snake,,8903707,"Tropidophis melanurus (Schlegel, 1837)",EXACT,99,ACCEPTED,59C54,Tropidophis melanurus,OK,,no token provided,408642,Tropidophis melanurus,1.0,iucn_no_status
Alethinophidia (snakes),Uropeltidae,Rhinophis melanogaster,Gray's earth snake,,8391675,"Rhinophis melanogaster (Gray, 1858)",EXACT,99,ACCEPTED,893KX,Rhinophis melanogaster,OK,,no token provided,408639,Rhinophis melanogaster,1.0,iucn_no_status
Alethinophidia (snakes),Viperidae,Crotalus atrox,Western diamondback rattlesnake,,2444356,"Crotalus atrox Baird & Girard, 1853",EXACT,99,ACCEPTED,6BJ5K,Crotalus atrox,OK,,no token provided,600088,Crotalus atrox,1.0,iucn_no_status
Alethinophidia (snakes),Xenodermidae,Xenodermus javanicus,Dragon snake,,2453235,"Xenodermus javanicus Reinhardt, 1836",EXACT,99,ACCEPTED,7G8GR,Xenodermus javanicus,OK,,no token provided,195297,Xenodermus javanicus,1.0,iucn_no_status
Alethinophidia (snakes),Xenopeltidae,Xenopeltis unicolor,Sunbeam snake,,7356155,"Xenopeltis unicolor Reinwardt, 1827",EXACT,98,ACCEPTED,7G7VF,Xenopeltis unicolor,OK,,no token provided,323406,Xenopeltis unicolor,1.0,iucn_no_status
Scolecophidia (blindsnakes),Anomalepididae,Liotyphlops albirostris,,,2460784,"Liotyphlops albirostris (Peters, 1858)",EXACT,99,ACCEPTED,6QH68,Liotyphlops albirostris,OK,,no token provided,141673,Liotyphlops albirostris,1.0,iucn_no_status
Scolecophidia (blindsnakes),Gerrhopilidae,Gerrhopilus mirus,,Family only split from Typhlopidae in 2010 - double-check current accepted species name,7559328,"Gerrhopilus mirus (Jan, 1860)",EXACT,99,ACCEPTED,3FX77,Gerrhopilus mirus,OK,,no token provided,57008,Gerrhopilus mirus,1.0,iucn_no_status
Scolecophidia (blindsnakes),Leptotyphlopidae,Tetracheilostoma carlae,Barbados threadsnake,,8246034,"Tetracheilostoma carlae (Hedges, 2008)",EXACT,99,ACCEPTED,55LL4,Tetracheilostoma carlae,OK,,no token provided,254892,Tetracheilostoma carlae,1.0,iucn_no_status
Scolecophidia (blindsnakes),Typhlopidae,Indotyphlops braminus,Brahminy blindsnake,,9357542,"Indotyphlops braminus (Daudin, 1803)",EXACT,99,ACCEPTED,3PNW8,Indotyphlops braminus,OK,,no token provided,496070,Indotyphlops braminus,1.0,iucn_no_status
Scolecophidia (blindsnakes),Xenotyphlopidae,Xenotyphlops grandidieri,Malagasy blind snake,Monotypic-ish family (2 species),2471110,"Xenotyphlops grandidieri (Mocquard, 1905)",EXACT,99,ACCEPTED,5CBWQ,Xenotyphlops grandidieri,OK,,no token provided,1025102,Xenotyphlops grandidieri,1.0,iucn_no_status
Testudines,Carettochelyidae,Carettochelys insculpta,Pig-nosed turtle,Monotypic family,2442506,"Carettochelys insculpta Ramsay, 1886",EXACT,99,ACCEPTED,R7VH,Carettochelys insculpta,OK,,no token provided,810244,Carettochelys insculpta,1.0,iucn_no_status
Testudines,Trionychidae,Pelodiscus sinensis,Chinese softshell turtle,,5220435,"Pelodiscus sinensis Wiegmann, 1835",EXACT,99,ACCEPTED,76CTF,Pelodiscus sinensis,OK,,no token provided,143391,Pelodiscus sinensis,1.0,iucn_no_status
Testudines,Cheloniidae,Chelonia mydas,Green sea turtle,,2442225,"Chelonia mydas (Linnaeus, 1758)",EXACT,97,ACCEPTED,TVGD,Chelonia mydas,OK,,no token provided,559133,Chelonia mydas,1.0,iucn_no_status
Testudines,Dermochelyidae,Dermochelys coriacea,Leatherback sea turtle,Monotypic family,9789983,"Dermochelys coriacea (Vandelli, 1761)",EXACT,98,ACCEPTED,34XB9,Dermochelys coriacea,OK,,no token provided,243403,Dermochelys coriacea,1.0,iucn_no_status
Testudines,Chelydridae,Chelydra serpentina,Common snapping turtle,,2441905,"Chelydra serpentina (Linnaeus, 1758)",EXACT,99,ACCEPTED,TWRZ,Chelydra serpentina,OK,,no token provided,587311,Chelydra serpentina,1.0,iucn_no_status
Testudines,Emydidae,Trachemys scripta,Pond slider,,2443002,"Trachemys scripta (Thunberg In Schoepff, 1792)",EXACT,99,ACCEPTED,C8JV7,Trachemys scripta,OK,,no token provided,725741,Trachemys scripta,1.0,iucn_no_status
Testudines,Geoemydidae,Cuora amboinensis,Southeast Asian box turtle,,2443521,"Cuora amboinensis (Daudin, 1801)",EXACT,97,ACCEPTED,6BRNN,Cuora amboinensis,OK,,no token provided,626958,Cuora amboinensis,1.0,iucn_no_status
Testudines,Testudinidae,Chelonoidis niger,Galapagos tortoise,,9527499,"Chelonoidis niger (Quoy & Gaimard, 1824)",EXACT,99,ACCEPTED,5Y2Z9,Chelonoidis niger,OK,,no token provided,284917,Chelonoidis niger,1.0,iucn_no_status
Testudines,Platysternidae,Platysternon megacephalum,Big-headed turtle,Monotypic family,2441884,"Platysternon megacephalum Gray, 1831",EXACT,98,ACCEPTED,4JZ39,Platysternon megacephalum,OK,,no token provided,619860,Platysternon megacephalum,1.0,iucn_no_status
Testudines,Kinosternidae,Kinosternon subrubrum,Eastern mud turtle,,9195555,"Kinosternon subrubrum Bonnaterre, 1789",EXACT,99,ACCEPTED,3R875,Kinosternon subrubrum,OK,,no token provided,487664,Kinosternon subrubrum,1.0,iucn_no_status
Testudines,Chelidae,Chelodina longicollis,Eastern snake-necked turtle,,9268496,"Chelodina longicollis (Shaw, 1794)",EXACT,99,ACCEPTED,5XQY4,Chelodina longicollis,OK,,no token provided,235769,Chelodina longicollis,1.0,iucn_no_status
Testudines,Pelomedusidae,Pelomedusa subrufa,African helmeted turtle,,10545407,"Pelomedusa subrufa (Bonnaterre, 1789)",EXACT,97,ACCEPTED,76CSF,Pelomedusa subrufa,OK,,no token provided,775044,Pelomedusa subrufa,1.0,iucn_no_status
Testudines,Podocnemididae,Podocnemis expansa,South American river turtle,,2442795,"Podocnemis expansa (Schweigger, 1812)",EXACT,99,ACCEPTED,4KQG8,Podocnemis expansa,OK,,no token provided,709468,Podocnemis expansa,1.0,iucn_no_status
Testudines,Dermatemydidae,Dermatemys mawii,Central American river turtle,Monotypic family,2442495,"Dermatemys mawii Gray, 1847",EXACT,99,ACCEPTED,34WTX,Dermatemys mawii,OK,,no token provided,98390,Dermatemys mawii,1.0,iucn_no_status
Crocodylia,Alligatoridae,Alligator mississippiensis,American alligator,,2441370,"Alligator mississippiensis (Daudin, 1801)",EXACT,99,ACCEPTED,BTRB,Alligator mississippiensis,OK,,no token provided,335590,Alligator mississippiensis,1.0,iucn_no_status
Crocodylia,Crocodylidae,Crocodylus niloticus,Nile crocodile,,2441341,"Crocodylus niloticus Laurenti, 1768",EXACT,99,ACCEPTED,ZKNK,Crocodylus niloticus,OK,,no token provided,35864,Crocodylus niloticus,1.0,iucn_no_status
Crocodylia,Gavialidae,Gavialis gangeticus,Gharial,,2441360,"Gavialis gangeticus (Gmelin, 1789)",EXACT,99,ACCEPTED,3FFQ3,Gavialis gangeticus,OK,,no token provided,881015,Gavialis gangeticus,1.0,iucn_no_status
Rhynchocephalia,Sphenodontidae,Sphenodon punctatus,Tuatara,Monotypic family/order - only living non-squamate lepidosaur; add if you want full order-level breadth,5227650,"Sphenodon punctatus (Gray, 1842)",EXACT,99,ACCEPTED,4YVHH,Sphenodon punctatus,OK,,no token provided,35890,Sphenodon punctatus,1.0,iucn_no_status
