name,family_a,family_b,citation
Toxicofera,Pythonidae,Agamidae,"Vidal & Hedges 2005, C R Biol 328:1000-1008"
Pleurodonta,Corytophanidae,Tropiduridae,"Pyron, Burbrink & Wiens 2013, BMC Evol Biol 13:93"
Lacertoidea,Teiidae,Lacertidae,"Pyron, Burbrink & Wiens 2013, BMC Evol Biol 13:93"
Teioidea,Gymnophthalmidae,Teiidae,"Pyron, Burbrink & Wiens 2013, BMC Evol Biol 13:93"
Gekkonoidea,Gekkonidae,Sphaerodactylidae,"Pyron, Burbrink & Wiens 2013, BMC Evol Biol 13:93"
Pygopodoidea,Diplodactylidae,Carphodactylidae,"Pyron, Burbrink & Wiens 2013, BMC Evol Biol 13:93"
Neoanguimorpha,Helodermatidae,Xenosauridae,"Pyron, Burbrink & Wiens 2013, BMC Evol Biol 13:93"
Typhlopoidea,Typhlopidae,Gerrhopilidae,"Vidal et al. 2010, Biol Lett 6:558-561"
Amerophidia,Tropidophiidae,Aniliidae,"Pyron, Burbrink & Wiens 2013, BMC Evol Biol 13:93"
Afrophidia,Pythonidae,Colubridae,"Pyron, Burbrink & Wiens 2013, BMC Evol Biol 13:93"
Pythonoidea,Pythonidae,Xenopeltidae,"Pyron, Burbrink & Wiens 2013, BMC Evol Biol 13:93"
Uropeltoidea,Uropeltidae,Anomochilidae,"Pyron, Burbrink & Wiens 2013, BMC Evol Biol 13:93"
Elapoidea,Elapidae,Micrelapidae,"Pyron, Burbrink & Wiens 2013, BMC Evol Biol 13:93"
Kinosternoidea,Dermatemydidae,Kinosternidae,"Thomson, Spinks & Shaffer 2021, PNAS 118:e2012215118"
Pelomedusoides,Pelomedusidae,Podocnemididae,"Thomson, Spinks & Shaffer 2021, PNAS 118:e2012215118"
