name,node_min_age_ma,first_appearance_ma,last_appearance_ma,pbdb_name,citation,note
Reptilia,316.9,,,Reptilia,"PBDB Hylonomus lyelli occurrence (Joggins Formation, Westphalian A); Benton & Donoghue 2007, Mol Biol Evol 24:26-53","Minimum age from Hylonomus lyelli (Joggins Formation), the oldest unambiguous reptile; 316.9 Ma is the younger bound of its Westphalian A dating (318.7-316.9 Ma). Benton & Donoghue 2007 used 312.3 Ma on an older timescale. PBDB's summary range for Reptilia starts in the Devonian (~382 Ma), which is not credible."
Mesosauria,,290.1,283.3,Mesosauridae,"PBDB Mesosauridae occurrences (Mesosaurus tenuidens, Artinskian)",Known only from the Artinskian (Early Permian); the dates are that stage's boundaries. PBDB also lists Brasileosaurus pachecoi (Late Cretaceous) as a mesosaurid; excluded as a misassignment.
Avemetatarsalia,241.5,,,Avemetatarsalia,"Nesbitt et al. 2017, Nature 544:484-487","Minimum age from Teleocrater rhadinus (Manda Beds, Anisian); 241.5 Ma is the end of the Anisian. Older bird-line footprints in PBDB are not used."
Pterosauria,,227.0,66.0,Pterosauria,"PBDB Pterosauria occurrences (Norian); Renne et al. 2013, Science 339:684-687","Oldest unambiguous pterosaurs are early Norian (~227 Ma). Extinct at the end-Cretaceous (K-Pg) boundary, 66.0 Ma."
Dinosauria,233.2,,,Dinosauria,"Langer, Ramezani & Da Rosa 2018, Gondwana Res 57:133-140","Minimum age from the oldest well-dated dinosaurs (Santa Maria Formation, U-Pb ~233.2 Ma). Nyasasaurus parringtoni (Anisian) may be older but is not accepted as a definite dinosaur; PBDB also counts silesaurids (e.g. Asilisaurus) as ornithischians, a minority view."
Ornithischia,,210.0,66.0,Ornithischia,"Butler, Smith & Norman 2007, Proc R Soc B 274:2041-2046; Renne et al. 2013, Science 339:684-687","Oldest ornithischian specimen: Eocursor parvus (Lower Elliot Formation, Late Triassic, ~210 Ma). Pisanosaurus (~231 Ma) is disputed and silesaurids count only under the Muller & Garcia 2020 hypothesis, so the gap after the Dinosauria split is a known ghost lineage. Extinct at the K-Pg boundary."
Saurischia,231.0,,,Saurischia,"Martinez et al. 2011, Science 331:206-210","Minimum age from the oldest well-dated saurischians (Eoraptor, Herrerasaurus; Ischigualasto Formation, ~231 Ma). PBDB dates Thecodontosaurus to the Middle Triassic, which reflects uncertain fissure-fill dating and is not used."
Sauropodomorpha,,230.0,66.0,Sauropodomorpha,"Martinez et al. 2011, Science 331:206-210; Renne et al. 2013, Science 339:684-687","Oldest sauropodomorphs ~230 Ma (Late Triassic, Carnian). Extinct at the K-Pg boundary."
Aves,,150.0,,Aves,"Archaeopteryx lithographica, Solnhofen Limestone (early Tithonian)","Oldest widely accepted bird: Archaeopteryx (~150 Ma); the exact figure depends on how Aves is defined. Older PBDB 'birds' such as Praeornis are dubious. Birds are living, so there is no last appearance."
Squamata,170.0,,,Squamata,"Evans 2003, Biol Rev 78:513-551","Minimum age from the oldest crown-group squamate fossils (Middle Jurassic, ~170 Ma). Molecular estimates for the split are older (TimeTree places Bifurcata, a group inside Squamata, at ~200 Ma), so the displayed age is raised to meet them and 170 Ma is kept as the fossil minimum."
