name,parent,anchor_families,extinct,collapsed_group,placement_uncertain,anapsid_skull,note,citation
Reptilia,,,false,false,false,false,"Root of the tree: living reptile groups plus the extinct relatives shown here.","Modesto & Anderson 2004, Syst Biol 53:815-821"
Mesosauria,Reptilia,,true,true,true,true,"Early Permian aquatic reptiles. Placement is debated: either the earliest-branching reptiles or early parareptiles. Their anapsid skull (no openings behind the eye) is the ancestral condition, not a sign of kinship with turtles.","Laurin & Pineiro 2017, Front Earth Sci 5:88"
Sauria,Reptilia,,false,false,false,false,"Last common ancestor of lepidosaurs and archelosaurs.","Gauthier, Kluge & Rowe 1988, Cladistics 4:105-209"
Lepidosauria,Sauria,Sphenodontidae;Lacertidae,false,false,false,false,"Tuatara and squamates (lizards, snakes, amphisbaenians).","Gauthier, Kluge & Rowe 1988, Cladistics 4:105-209"
Archelosauria,Sauria,,false,false,false,false,"Turtles are the closest living relatives of archosaurs (crocodiles and birds).","Crawford et al. 2015, Mol Phylogenet Evol 83:250-257"
Testudines,Archelosauria,Chelidae;Testudinidae,false,false,false,true,"The turtle skull lacks openings behind the eye, but this is secondary: stem turtles descend from diapsid ancestors.","Schoch & Sues 2015, Nature 523:584-587"
Archosauria,Archelosauria,,false,false,false,false,"Crocodile line plus bird line.","Nesbitt 2011, Bull Am Mus Nat Hist 352:1-292"
Crocodylia,Archosauria,Alligatoridae;Crocodylidae,false,false,false,false,"The only living members of the crocodile line (Pseudosuchia); extinct pseudosuchians are not shown.","Nesbitt 2011, Bull Am Mus Nat Hist 352:1-292"
Avemetatarsalia,Archosauria,,false,false,false,false,"Bird line: pterosaurs and dinosaurs.","Ezcurra et al. 2020, Nature 588:445-449"
Pterosauria,Avemetatarsalia,,true,true,false,false,"Flying reptiles; the closest relatives of dinosaurs. Extinct at the end of the Cretaceous.","Ezcurra et al. 2020, Nature 588:445-449"
Dinosauria,Avemetatarsalia,,false,false,false,false,"Ornithischians plus saurischians.","Langer et al. 2017, Nature 551:E1-E3"
Ornithischia,Dinosauria,,true,true,false,false,"Beaked, mostly plant-eating dinosaurs. The minority Ornithoscelida hypothesis (Baron et al. 2017) groups them with theropods instead; the traditional split is shown.","Langer et al. 2017, Nature 551:E1-E3"
Saurischia,Dinosauria,,false,false,false,false,"Sauropodomorphs plus theropods, which include birds.","Gauthier 1986, Mem Calif Acad Sci 8:1-55"
Sauropodomorpha,Saurischia,,true,true,false,false,"Long-necked dinosaurs. Shown so that Saurischia has a real split.","Gauthier 1986, Mem Calif Acad Sci 8:1-55"
Aves,Saurischia,,false,true,false,false,"Birds are living theropod dinosaurs; non-avian theropods are not shown.","Gauthier 1986, Mem Calif Acad Sci 8:1-55"
